Date,SPOT
2019-12-16,150.77999877929688
2019-12-17,151.52999877929688
2019-12-18,150.8699951171875
2019-12-19,149.67999267578125
2019-12-20,150.30999755859375
2019-12-23,150.4199981689453
2019-12-24,151.82000732421875
2019-12-26,152.52000427246094
2019-12-27,153.1699981689453
2019-12-30,149.80999755859375
2019-12-31,149.5500030517578
2020-01-02,151.6199951171875
2020-01-03,152.5
2020-01-06,156.72000122070312
2020-01-07,156.02000427246094
2020-01-08,158.77999877929688
2020-01-09,157.74000549316406
2020-01-10,156.0399932861328
2020-01-13,150.8699951171875
2020-01-14,149.39999389648438
2020-01-15,152.4499969482422
2020-01-16,151.83999633789062
2020-01-17,148.33999633789062
2020-01-21,148.9499969482422
2020-01-22,148.1199951171875
2020-01-23,148.97000122070312
2020-01-24,146.6300048828125
2020-01-27,144.33999633789062
2020-01-28,144.3000030517578
2020-01-29,141.57000732421875
2020-01-30,142.7100067138672
2020-01-31,141.3000030517578
2020-02-03,146.5
2020-02-04,154.30999755859375
2020-02-05,147.0
2020-02-06,154.3699951171875
2020-02-07,154.5500030517578
2020-02-10,148.3300018310547
2020-02-11,145.77000427246094
2020-02-12,147.0800018310547
2020-02-13,141.5
2020-02-14,141.0
2020-02-18,144.6300048828125
2020-02-19,143.36000061035156
2020-02-20,147.86000061035156
2020-02-21,146.9499969482422
2020-02-24,145.3300018310547
2020-02-25,141.8000030517578
2020-02-26,140.49000549316406
2020-02-27,134.50999450683594
2020-02-28,137.1199951171875
2020-03-02,139.33999633789062
2020-03-03,137.16000366210938
2020-03-04,144.25
2020-03-05,148.0800018310547
2020-03-06,145.13999938964844
2020-03-09,139.77999877929688
2020-03-10,141.89999389648438
2020-03-11,135.05999755859375
2020-03-12,126.98999786376953
2020-03-13,131.55999755859375
2020-03-16,117.63999938964844
2020-03-17,118.87000274658203
2020-03-18,121.23999786376953
2020-03-19,129.1300048828125
2020-03-20,124.36000061035156
2020-03-23,118.18000030517578
2020-03-24,129.69000244140625
2020-03-25,124.2300033569336
2020-03-26,126.80999755859375
2020-03-27,122.54000091552734
2020-03-30,121.43000030517578
2020-03-31,121.44000244140625
2020-04-01,121.61000061035156
2020-04-02,121.91000366210938
2020-04-03,122.12000274658203
2020-04-06,122.5199966430664
2020-04-07,127.61000061035156
2020-04-08,126.04000091552734
2020-04-09,131.86000061035156
2020-04-13,129.8300018310547
2020-04-14,135.92999267578125
2020-04-15,138.77999877929688
2020-04-16,139.49000549316406
2020-04-17,141.86000061035156
2020-04-20,144.5399932861328
2020-04-21,139.13999938964844
2020-04-22,139.74000549316406
2020-04-23,138.7100067138672
2020-04-24,137.83999633789062
2020-04-27,140.25
2020-04-28,139.77999877929688
2020-04-29,155.77999877929688
2020-04-30,151.57000732421875
2020-05-01,144.83999633789062
2020-05-04,145.30999755859375
2020-05-05,145.02000427246094
2020-05-06,148.47999572753906
2020-05-07,148.0399932861328
2020-05-08,152.14999389648438
2020-05-11,156.02000427246094
2020-05-12,153.94000244140625
2020-05-13,148.97999572753906
2020-05-14,152.07000732421875
2020-05-15,158.8300018310547
2020-05-18,161.42999267578125
2020-05-19,175.02999877929688
2020-05-20,189.8000030517578
2020-05-21,192.74000549316406
2020-05-22,190.1699981689453
2020-05-26,191.0
2020-05-27,185.9499969482422
2020-05-28,177.22000122070312
2020-05-29,180.92999267578125
2020-06-01,182.7100067138672
2020-06-02,189.36000061035156
2020-06-03,184.6300048828125
2020-06-04,181.83999633789062
2020-06-05,184.27999877929688
2020-06-08,187.3000030517578
2020-06-09,191.30999755859375
2020-06-10,189.39999389648438
2020-06-11,178.67999267578125
2020-06-12,180.07000732421875
2020-06-15,187.8800048828125
2020-06-16,185.47999572753906
2020-06-17,199.8300018310547
2020-06-18,225.27999877929688
2020-06-19,231.2899932861328
2020-06-22,236.05999755859375
2020-06-23,241.75999450683594
2020-06-24,242.86000061035156
2020-06-25,267.4700012207031
2020-06-26,264.95001220703125
2020-06-29,265.1400146484375
2020-06-30,258.19000244140625
2020-07-01,258.8999938964844
2020-07-02,271.489990234375
2020-07-06,260.260009765625
2020-07-07,261.989990234375
2020-07-08,269.260009765625
2020-07-09,274.7900085449219
2020-07-10,278.239990234375
2020-07-13,261.19000244140625
2020-07-14,262.79998779296875
2020-07-15,258.5
2020-07-16,268.67999267578125
2020-07-17,263.2300109863281
2020-07-20,291.19000244140625
2020-07-21,276.3800048828125
2020-07-22,289.6199951171875
2020-07-23,267.5400085449219
2020-07-24,268.739990234375
2020-07-27,272.5
2020-07-28,267.1199951171875
2020-07-29,262.2099914550781
2020-07-30,261.7900085449219
2020-07-31,257.82000732421875
2020-08-03,254.42999267578125
2020-08-04,250.02000427246094
2020-08-05,249.25
2020-08-06,255.32000732421875
2020-08-07,252.1199951171875
2020-08-10,248.99000549316406
2020-08-11,253.72000122070312
2020-08-12,253.2899932861328
2020-08-13,253.66000366210938
2020-08-14,251.32000732421875
2020-08-17,259.9100036621094
2020-08-18,256.79998779296875
2020-08-19,261.7200012207031
2020-08-20,269.3299865722656
2020-08-21,270.9800109863281
2020-08-24,269.1300048828125
2020-08-25,268.69000244140625
2020-08-26,278.2900085449219
2020-08-27,272.010009765625
2020-08-28,279.3599853515625
2020-08-31,282.1600036621094
2020-09-01,291.75
2020-09-02,276.2900085449219
2020-09-03,261.6600036621094
2020-09-04,248.2100067138672
2020-09-08,240.02000427246094
2020-09-09,244.92999267578125
2020-09-10,247.77999877929688
2020-09-11,241.60000610351562
2020-09-14,238.5500030517578
2020-09-15,237.91000366210938
2020-09-16,234.85000610351562
2020-09-17,234.30999755859375
2020-09-18,233.88999938964844
2020-09-21,239.33999633789062
2020-09-22,241.00999450683594
2020-09-23,235.0500030517578
2020-09-24,231.25999450683594
2020-09-25,235.97999572753906
2020-09-28,236.4199981689453
2020-09-29,242.4499969482422
2020-09-30,242.57000732421875
2020-10-01,250.19000244140625
2020-10-02,240.27999877929688
2020-10-05,251.3699951171875
2020-10-06,248.5399932861328
2020-10-07,251.50999450683594
2020-10-08,249.8000030517578
2020-10-09,250.0
2020-10-12,251.44000244140625
2020-10-13,266.95001220703125
2020-10-14,257.6199951171875
2020-10-15,261.54998779296875
2020-10-16,262.54998779296875
2020-10-19,261.010009765625
2020-10-20,260.95001220703125
2020-10-21,271.32000732421875
2020-10-22,271.8800048828125
2020-10-23,283.489990234375
2020-10-26,284.9599914550781
2020-10-27,287.45001220703125
2020-10-28,276.1400146484375
2020-10-29,266.8699951171875
2020-10-30,239.88999938964844
2020-11-02,231.60000610351562
2020-11-03,236.52999877929688
2020-11-04,239.27999877929688
2020-11-05,256.3800048828125
2020-11-06,276.1000061035156
2020-11-09,274.20001220703125
2020-11-10,249.99000549316406
2020-11-11,261.0400085449219
2020-11-12,258.69000244140625
2020-11-13,253.5
2020-11-16,245.85000610351562
2020-11-17,250.44000244140625
2020-11-18,253.02000427246094
2020-11-19,249.94000244140625
2020-11-20,260.0
2020-11-23,268.8599853515625
2020-11-24,270.1400146484375
2020-11-25,270.0899963378906
2020-11-27,277.6199951171875
2020-11-30,291.3699951171875
2020-12-01,284.989990234375
2020-12-02,320.8900146484375
2020-12-03,316.42999267578125
2020-12-04,319.7699890136719
2020-12-07,342.0
2020-12-08,332.8599853515625
2020-12-09,332.45001220703125
2020-12-10,343.29998779296875
2020-12-11,341.2200012207031
2020-12-14,320.3399963378906
2020-12-15,326.9700012207031
2020-12-16,318.5299987792969
2020-12-17,328.05999755859375
2020-12-18,336.1000061035156
2020-12-21,325.57000732421875
2020-12-22,321.9599914550781
2020-12-23,330.7900085449219
2020-12-24,328.3900146484375
2020-12-28,317.2900085449219
2020-12-29,318.42999267578125
2020-12-30,319.3500061035156
2020-12-31,314.6600036621094
2021-01-04,311.0
2021-01-05,313.7200012207031
2021-01-06,314.239990234375
2021-01-07,331.3599853515625
2021-01-08,353.1099853515625
2021-01-11,344.07000732421875
2021-01-12,347.010009765625
2021-01-13,347.05999755859375
2021-01-14,342.2699890136719
2021-01-15,319.82000732421875
2021-01-19,319.75
2021-01-20,331.4100036621094
2021-01-21,348.29998779296875
2021-01-22,338.9599914550781
2021-01-25,333.6099853515625
2021-01-26,337.010009765625
2021-01-27,330.19000244140625
2021-01-28,325.44000244140625
2021-01-29,315.0
2021-02-01,332.6499938964844
2021-02-02,345.04998779296875
2021-02-03,317.25
2021-02-04,314.70001220703125
2021-02-05,310.7699890136719
2021-02-08,323.7900085449219
2021-02-09,334.0
2021-02-10,335.7099914550781
2021-02-11,331.8999938964844
2021-02-12,339.70001220703125
2021-02-16,353.7300109863281
2021-02-17,355.19000244140625
2021-02-18,354.8800048828125
2021-02-19,364.5899963378906
2021-02-22,349.9100036621094
2021-02-23,336.30999755859375
2021-02-24,334.69000244140625
2021-02-25,303.05999755859375
2021-02-26,307.3800048828125
2021-03-01,321.2799987792969
2021-03-02,322.739990234375
2021-03-03,300.239990234375
2021-03-04,285.010009765625
2021-03-05,274.9800109863281
2021-03-08,258.3299865722656
2021-03-09,273.5799865722656
2021-03-10,270.19000244140625
2021-03-11,286.9599914550781
2021-03-12,279.8900146484375
2021-03-15,285.4599914550781
2021-03-16,284.69000244140625
2021-03-17,283.3500061035156
2021-03-18,271.7300109863281
2021-03-19,272.1099853515625
2021-03-22,275.4700012207031
2021-03-23,267.29998779296875
2021-03-24,258.67999267578125
2021-03-25,254.6300048828125
2021-03-26,261.30999755859375
2021-03-29,252.58999633789062
2021-03-30,257.69000244140625
2021-03-31,267.95001220703125
2021-04-01,273.1000061035156
2021-04-05,273.29998779296875
2021-04-06,282.3399963378906
2021-04-07,280.1499938964844
2021-04-08,280.94000244140625
2021-04-09,279.20001220703125
2021-04-12,276.9100036621094
2021-04-13,293.1199951171875
2021-04-14,287.6000061035156
2021-04-15,299.739990234375
2021-04-16,292.0199890136719
2021-04-19,280.3699951171875
2021-04-20,271.20001220703125
2021-04-21,261.7099914550781
2021-04-22,265.1600036621094
2021-04-23,284.1099853515625
2021-04-26,298.0199890136719
2021-04-27,292.9200134277344
2021-04-28,256.8399963378906
2021-04-29,262.1499938964844
2021-04-30,252.1199951171875
2021-05-03,247.69000244140625
2021-05-04,240.1199951171875
2021-05-05,239.5
2021-05-06,237.0399932861328
2021-05-07,239.41000366210938
2021-05-10,228.2100067138672
2021-05-11,228.00999450683594
2021-05-12,225.60000610351562
2021-05-13,217.07000732421875
2021-05-14,223.58999633789062
2021-05-17,223.3300018310547
2021-05-18,220.99000549316406
2021-05-19,220.30999755859375
2021-05-20,228.67999267578125
2021-05-21,229.13999938964844
2021-05-24,234.05999755859375
2021-05-25,236.75999450683594
2021-05-26,238.38999938964844
2021-05-27,240.25999450683594
2021-05-28,241.57000732421875
2021-06-01,241.72999572753906
2021-06-02,239.72999572753906
2021-06-03,232.19000244140625
2021-06-04,236.1699981689453
2021-06-07,242.66000366210938
2021-06-08,242.50999450683594
2021-06-09,237.6999969482422
2021-06-10,247.19000244140625
2021-06-11,243.66000366210938
2021-06-14,251.50999450683594
2021-06-15,242.75999450683594
2021-06-16,242.77999877929688
2021-06-17,247.11000061035156
2021-06-18,247.63999938964844
2021-06-21,245.60000610351562
2021-06-22,253.63999938964844
2021-06-23,256.70001220703125
2021-06-24,264.1600036621094
2021-06-25,266.3800048828125
2021-06-28,271.55999755859375
2021-06-29,272.8599853515625
2021-06-30,275.5899963378906
2021-07-01,268.6300048828125
2021-07-02,267.8299865722656
2021-07-06,263.5199890136719
2021-07-07,259.0400085449219
2021-07-08,256.1499938964844
2021-07-09,262.8299865722656
2021-07-12,261.010009765625
2021-07-13,263.8500061035156
2021-07-14,253.41000366210938
2021-07-15,247.97000122070312
2021-07-16,243.24000549316406
2021-07-19,241.80999755859375
2021-07-20,246.5
2021-07-21,247.91000366210938
2021-07-22,244.17999267578125
2021-07-23,243.63999938964844
2021-07-26,240.58999633789062
2021-07-27,236.92999267578125
2021-07-28,223.32000732421875
2021-07-29,225.27000427246094
2021-07-30,228.6699981689453
2021-08-02,228.39999389648438
2021-08-03,217.9499969482422
2021-08-04,217.4199981689453
2021-08-05,221.1300048828125
2021-08-06,221.97000122070312
2021-08-09,224.77999877929688
2021-08-10,215.47999572753906
2021-08-11,214.0
2021-08-12,215.0399932861328
2021-08-13,211.47999572753906
2021-08-16,208.8300018310547
2021-08-17,206.16000366210938
2021-08-18,205.4199981689453
2021-08-19,205.0800018310547
2021-08-20,216.63999938964844
2021-08-23,221.5
2021-08-24,224.8800048828125
2021-08-25,226.89999389648438
2021-08-26,224.6199951171875
2021-08-27,226.02000427246094
2021-08-30,233.1199951171875
2021-08-31,234.33999633789062
2021-09-01,238.3800048828125
2021-09-02,254.02999877929688
2021-09-03,249.0399932861328
2021-09-07,254.72000122070312
2021-09-08,249.67999267578125
2021-09-09,246.00999450683594
2021-09-10,247.75999450683594
2021-09-13,244.22000122070312
2021-09-14,243.80999755859375
2021-09-15,242.8699951171875
2021-09-16,242.02000427246094
2021-09-17,248.10000610351562
2021-09-20,237.75999450683594
2021-09-21,234.50999450683594
2021-09-22,235.35000610351562
2021-09-23,234.86000061035156
2021-09-24,230.1999969482422
2021-09-27,232.94000244140625
2021-09-28,227.33999633789062
2021-09-29,220.32000732421875
2021-09-30,225.33999633789062
2021-10-01,229.3300018310547
2021-10-04,221.91000366210938
2021-10-05,225.82000732421875
2021-10-06,232.02000427246094
2021-10-07,234.89999389648438
2021-10-08,232.8800048828125
2021-10-11,231.88999938964844
2021-10-12,235.3000030517578
2021-10-13,243.8300018310547
2021-10-14,247.3699951171875
2021-10-15,247.39999389648438
2021-10-18,248.82000732421875
2021-10-19,255.61000061035156
2021-10-20,251.17999267578125
2021-10-21,255.0
2021-10-22,252.9600067138672
2021-10-25,257.8900146484375
2021-10-26,252.1999969482422
2021-10-27,273.1300048828125
2021-10-28,288.95001220703125
2021-10-29,289.3999938964844
2021-11-01,300.95001220703125
2021-11-02,298.20001220703125
2021-11-03,298.0799865722656
2021-11-04,293.4800109863281
2021-11-05,289.04998779296875
2021-11-08,286.8999938964844
2021-11-09,278.75
2021-11-10,269.7200012207031
2021-11-11,276.6499938964844
2021-11-12,280.55999755859375
2021-11-15,278.3800048828125
2021-11-16,271.29998779296875
2021-11-17,271.95001220703125
2021-11-18,263.3699951171875
2021-11-19,259.54998779296875
2021-11-22,250.33999633789062
2021-11-23,243.02999877929688
2021-11-24,249.49000549316406
2021-11-26,250.88999938964844
2021-11-29,246.60000610351562
2021-11-30,238.5
2021-12-01,225.08999633789062
2021-12-02,228.5399932861328
2021-12-03,228.8000030517578
2021-12-06,232.00999450683594
2021-12-07,238.50999450683594
2021-12-08,243.1699981689453
2021-12-09,233.4199981689453
2021-12-10,233.25999450683594
2021-12-13,225.6199951171875
2021-12-14,222.67999267578125
2021-12-15,225.39999389648438
2021-12-16,226.5500030517578
2021-12-17,235.27999877929688
2021-12-20,228.16000366210938
2021-12-21,238.11000061035156
2021-12-22,235.16000366210938
2021-12-23,236.6300048828125
2021-12-27,233.77999877929688
2021-12-28,233.77999877929688
2021-12-29,232.9199981689453
2021-12-30,237.9199981689453
2021-12-31,234.02999877929688
2022-01-03,244.16000366210938
2022-01-04,239.25999450683594
2022-01-05,227.6999969482422
2022-01-06,228.27000427246094
2022-01-07,223.5800018310547
2022-01-10,224.41000366210938
2022-01-11,234.97000122070312
2022-01-12,231.30999755859375
2022-01-13,226.4499969482422
2022-01-14,218.55999755859375
2022-01-18,210.8699951171875
2022-01-19,207.35000610351562
2022-01-20,208.66000366210938
2022-01-21,195.52999877929688
2022-01-24,193.55999755859375
2022-01-25,184.0399932861328
2022-01-26,174.7899932861328
2022-01-27,171.32000732421875
2022-01-28,172.97999572753906
2022-01-31,196.25999450683594
2022-02-01,203.6199951171875
2022-02-02,191.9199981689453
2022-02-03,159.75999450683594
2022-02-04,174.42999267578125
2022-02-07,171.50999450683594
2022-02-08,165.9199981689453
2022-02-09,175.49000549316406
2022-02-10,167.8300018310547
2022-02-11,161.92999267578125
2022-02-14,162.2100067138672
2022-02-15,168.05999755859375
2022-02-16,163.94000244140625
2022-02-17,159.22000122070312
2022-02-18,152.27000427246094
2022-02-22,149.3800048828125
2022-02-23,144.1699981689453
2022-02-24,149.2100067138672
2022-02-25,151.91000366210938
2022-02-28,156.19000244140625
2022-03-01,151.25
2022-03-02,149.47999572753906
2022-03-03,139.9199981689453
2022-03-04,135.1699981689453
2022-03-07,130.50999450683594
2022-03-08,131.67999267578125
2022-03-09,136.4199981689453
2022-03-10,132.6699981689453
2022-03-11,124.29000091552734
2022-03-14,119.47000122070312
2022-03-15,123.83999633789062
2022-03-16,133.5800018310547
2022-03-17,138.72999572753906
2022-03-18,144.77999877929688
2022-03-21,140.4199981689453
2022-03-22,147.47000122070312
2022-03-23,148.57000732421875
2022-03-24,149.25999450683594
2022-03-25,146.0399932861328
2022-03-28,150.1300048828125
2022-03-29,157.30999755859375
2022-03-30,156.16000366210938
2022-03-31,151.02000427246094
2022-04-01,153.6999969482422
2022-04-04,158.83999633789062
2022-04-05,148.91000366210938
2022-04-06,145.63999938964844
2022-04-07,141.38999938964844
2022-04-08,141.27999877929688
2022-04-11,139.61000061035156
2022-04-12,138.89999389648438
2022-04-13,141.33999633789062
2022-04-14,136.27000427246094
2022-04-18,134.42999267578125
2022-04-19,137.41000366210938
2022-04-20,122.48999786376953
2022-04-21,112.62000274658203
2022-04-22,110.20999908447266
2022-04-25,112.13999938964844
2022-04-26,110.41000366210938
2022-04-27,96.66999816894531
2022-04-28,102.68000030517578
2022-04-29,101.6500015258789
2022-05-02,108.86000061035156
2022-05-03,109.48999786376953
2022-05-04,112.55000305175781
2022-05-05,105.58999633789062
2022-05-06,104.68000030517578
2022-05-09,94.44000244140625
2022-05-10,99.16999816894531
2022-05-11,91.94000244140625
2022-05-12,97.08000183105469
2022-05-13,106.08999633789062
2022-05-16,101.05000305175781
2022-05-17,105.05999755859375
2022-05-18,104.4000015258789
2022-05-19,105.7699966430664
2022-05-20,107.2699966430664
2022-05-23,109.06999969482422
2022-05-24,103.5
2022-05-25,108.79000091552734
2022-05-26,108.62000274658203
2022-05-27,112.97000122070312
2022-05-31,112.7699966430664
2022-06-01,110.0
2022-06-02,116.5
2022-06-03,112.2300033569336
2022-06-06,111.04000091552734
2022-06-07,109.43000030517578
2022-06-08,116.02999877929688
2022-06-09,111.93000030517578
2022-06-10,102.2300033569336
2022-06-13,98.61000061035156
2022-06-14,98.05000305175781
2022-06-15,105.3499984741211
2022-06-16,97.8499984741211
2022-06-17,99.2699966430664
2022-06-21,101.4000015258789
2022-06-22,99.33000183105469
2022-06-23,102.19000244140625
2022-06-24,107.0
2022-06-27,106.2699966430664
2022-06-28,99.0
2022-06-29,97.95999908447266
2022-06-30,93.83000183105469
2022-07-01,97.5199966430664
2022-07-05,104.83000183105469
2022-07-06,102.87000274658203
2022-07-07,105.83000183105469
2022-07-08,104.23999786376953
2022-07-11,99.1500015258789
2022-07-12,99.58000183105469
2022-07-13,99.20999908447266
2022-07-14,96.31999969482422
2022-07-15,102.33000183105469
2022-07-18,103.56999969482422
2022-07-19,108.68000030517578
2022-07-20,113.25
2022-07-21,115.62000274658203
2022-07-22,111.6500015258789
2022-07-25,110.41999816894531
2022-07-26,103.97000122070312
2022-07-27,116.61000061035156
2022-07-28,114.58999633789062
2022-07-29,113.0199966430664
2022-08-01,115.3499984741211
2022-08-02,116.0
2022-08-03,120.45999908447266
2022-08-04,122.4000015258789
2022-08-05,118.7300033569336
2022-08-08,119.69999694824219
2022-08-09,115.55999755859375
2022-08-10,120.08999633789062
2022-08-11,122.7300033569336
2022-08-12,123.62999725341797
2022-08-15,122.5999984741211
2022-08-16,120.0999984741211
2022-08-17,114.1500015258789
2022-08-18,114.38999938964844
2022-08-19,111.43000030517578
2022-08-22,109.5999984741211
2022-08-23,108.02999877929688
2022-08-24,110.05000305175781
2022-08-25,113.52999877929688
2022-08-26,109.30999755859375
2022-08-29,108.55999755859375
2022-08-30,107.2300033569336
2022-08-31,108.1500015258789
2022-09-01,106.5199966430664
2022-09-02,104.41999816894531
2022-09-06,102.58999633789062
2022-09-07,105.86000061035156
2022-09-08,105.18000030517578
2022-09-09,110.27999877929688
2022-09-12,111.33999633789062
2022-09-13,101.95999908447266
2022-09-14,102.44999694824219
2022-09-15,103.95999908447266
2022-09-16,100.33999633789062
2022-09-19,99.69999694824219
2022-09-20,97.26000213623047
2022-09-21,95.38999938964844
2022-09-22,92.44999694824219
2022-09-23,89.33999633789062
2022-09-26,89.13999938964844
2022-09-27,89.5
2022-09-28,92.87999725341797
2022-09-29,86.83999633789062
2022-09-30,86.30000305175781
2022-10-03,89.0
2022-10-04,94.62999725341797
2022-10-05,91.4000015258789
2022-10-06,92.25
2022-10-07,88.01000213623047
2022-10-10,85.97000122070312
2022-10-11,82.12999725341797
2022-10-12,83.18000030517578
2022-10-13,82.6500015258789
2022-10-14,81.79000091552734
2022-10-17,86.72000122070312
2022-10-18,88.04000091552734
2022-10-19,88.75
2022-10-20,87.73999786376953
2022-10-21,88.69999694824219
2022-10-24,94.66000366210938
2022-10-25,97.05000305175781
2022-10-26,84.41999816894531
2022-10-27,81.73999786376953
2022-10-28,83.36000061035156
2022-10-31,80.58000183105469
2022-11-01,80.16999816894531
2022-11-02,75.0
2022-11-03,71.72000122070312
2022-11-04,71.05000305175781
2022-11-07,73.44000244140625
2022-11-08,73.2699966430664
2022-11-09,71.4000015258789
2022-11-10,78.44000244140625
2022-11-11,83.70999908447266
2022-11-14,82.5
2022-11-15,85.11000061035156
2022-11-16,82.5
2022-11-17,79.44999694824219
2022-11-18,76.98999786376953
2022-11-21,74.12000274658203
2022-11-22,75.25
2022-11-23,78.26000213623047
2022-11-25,78.7300033569336
2022-11-28,76.7300033569336
2022-11-29,75.0999984741211
2022-11-30,79.41999816894531
2022-12-01,79.44999694824219
2022-12-02,80.30999755859375
2022-12-05,78.30999755859375
2022-12-06,75.16000366210938
2022-12-07,75.72000122070312
2022-12-08,77.80000305175781
2022-12-09,78.16999816894531
2022-12-12,79.7300033569336
2022-12-13,80.95999908447266
2022-12-14,79.31999969482422
2022-12-15,72.36000061035156
2022-12-16,74.73999786376953
2022-12-19,73.26000213623047
2022-12-20,76.51000213623047
2022-12-21,77.48999786376953
2022-12-22,77.95999908447266
2022-12-23,77.69999694824219
2022-12-27,76.5199966430664
2022-12-28,76.61000061035156
2022-12-29,79.01000213623047
2022-12-30,78.94999694824219
2023-01-03,81.9000015258789
2023-01-04,81.33000183105469
2023-01-05,81.58000183105469
2023-01-06,83.54000091552734
2023-01-09,85.04000091552734
2023-01-10,90.79000091552734
2023-01-11,91.75
2023-01-12,91.19999694824219
2023-01-13,92.05999755859375
2023-01-17,91.75
2023-01-18,92.7300033569336
2023-01-19,93.58000183105469
2023-01-20,97.91000366210938
2023-01-23,99.94000244140625
2023-01-24,99.29000091552734
2023-01-25,100.02999877929688
2023-01-26,101.30000305175781
2023-01-27,102.23999786376953
2023-01-30,100.0
2023-01-31,112.72000122070312
2023-02-01,118.13999938964844
2023-02-02,122.56999969482422
2023-02-03,121.16999816894531
2023-02-06,122.91999816894531
2023-02-07,125.37999725341797
2023-02-08,123.68000030517578
2023-02-09,120.83000183105469
2023-02-10,125.16000366210938
2023-02-13,122.31999969482422
2023-02-14,126.0999984741211
2023-02-15,128.27000427246094
2023-02-16,125.56999969482422
2023-02-17,125.33000183105469
2023-02-21,120.3499984741211
2023-02-22,120.06999969482422
2023-02-23,118.86000061035156
2023-02-24,117.13999938964844
2023-02-27,116.83999633789062
2023-02-28,116.30000305175781
2023-03-01,117.19999694824219
2023-03-02,118.4800033569336
2023-03-03,123.73999786376953
2023-03-06,126.37999725341797
2023-03-07,126.33000183105469
2023-03-08,126.98999786376953
2023-03-09,123.93000030517578
2023-03-10,121.66000366210938
2023-03-13,123.38999938964844
2023-03-14,125.54000091552734
2023-03-15,125.6500015258789
2023-03-16,129.2100067138672
2023-03-17,127.08999633789062
2023-03-20,126.41000366210938
2023-03-21,128.80999755859375
2023-03-22,128.1999969482422
2023-03-23,131.0500030517578
2023-03-24,128.3000030517578
2023-03-27,129.47999572753906
2023-03-28,128.1199951171875
2023-03-29,129.8699951171875
2023-03-30,130.8300018310547
2023-03-31,133.6199951171875
2023-04-03,136.44000244140625
2023-04-04,134.8800048828125
2023-04-05,131.25
2023-04-06,132.47999572753906
2023-04-10,132.25
2023-04-11,131.27999877929688
2023-04-12,130.9199981689453
2023-04-13,134.9600067138672
2023-04-14,134.74000549316406
2023-04-17,133.77999877929688
2023-04-18,134.57000732421875
2023-04-19,133.55999755859375
2023-04-20,133.3300018310547
2023-04-21,133.75999450683594
2023-04-24,131.4499969482422
2023-04-25,138.1999969482422
2023-04-26,133.1199951171875
2023-04-27,132.1699981689453
2023-04-28,133.60000610351562
2023-05-01,138.42999267578125
2023-05-02,136.38999938964844
2023-05-03,138.05999755859375
2023-05-04,140.47999572753906
2023-05-05,141.75
2023-05-08,144.52999877929688
2023-05-09,143.6999969482422
2023-05-10,147.74000549316406
2023-05-11,147.05999755859375
2023-05-12,142.52999877929688
2023-05-15,144.22000122070312
2023-05-16,146.32000732421875
2023-05-17,146.0
2023-05-18,151.47999572753906
2023-05-19,149.42999267578125
2023-05-22,148.60000610351562
2023-05-23,147.6699981689453
2023-05-24,147.0399932861328
2023-05-25,147.64999389648438
2023-05-26,150.30999755859375
2023-05-30,148.00999450683594
2023-05-31,148.89999389648438
2023-06-01,153.9199981689453
2023-06-02,151.74000549316406
2023-06-05,156.33999633789062
2023-06-06,153.02999877929688
2023-06-07,148.30999755859375
2023-06-08,149.47000122070312
2023-06-09,150.47999572753906
2023-06-12,150.60000610351562
2023-06-13,151.5399932861328
2023-06-14,151.64999389648438
2023-06-15,152.17999267578125
2023-06-16,159.99000549316406
2023-06-20,156.82000732421875
2023-06-21,155.92999267578125
2023-06-22,159.08999633789062
2023-06-23,157.49000549316406
2023-06-26,153.77999877929688
2023-06-27,158.6199951171875
2023-06-28,160.57000732421875
2023-06-29,159.25999450683594
2023-06-30,160.5500030517578
2023-07-03,160.55999755859375
2023-07-05,160.72999572753906
2023-07-06,156.6199951171875
2023-07-07,156.97000122070312
2023-07-10,157.38999938964844
2023-07-11,160.5800018310547
2023-07-12,165.7899932861328
2023-07-13,171.10000610351562
2023-07-14,172.02999877929688
2023-07-17,179.1699981689453
2023-07-18,179.5800018310547
2023-07-19,179.83999633789062
2023-07-20,172.47999572753906
2023-07-21,171.7100067138672
2023-07-24,163.72000122070312
2023-07-25,140.3800048828125
2023-07-26,149.1300048828125
2023-07-27,144.52000427246094
2023-07-28,148.60000610351562
2023-07-31,149.41000366210938
2023-08-01,150.83999633789062
2023-08-02,146.50999450683594
2023-08-03,145.4199981689453
2023-08-04,144.1199951171875
2023-08-07,141.99000549316406
2023-08-08,138.3699951171875
2023-08-09,139.08999633789062
2023-08-10,136.42999267578125
2023-08-11,138.67999267578125
2023-08-14,139.3800048828125
2023-08-15,133.42999267578125
2023-08-16,134.35000610351562
2023-08-17,131.57000732421875
2023-08-18,131.8699951171875
2023-08-21,132.49000549316406
2023-08-22,133.44000244140625
2023-08-23,138.24000549316406
2023-08-24,135.75999450683594
2023-08-25,137.22000122070312
2023-08-28,141.25999450683594
2023-08-29,144.50999450683594
2023-08-30,149.4499969482422
2023-08-31,153.97000122070312
2023-09-01,157.55999755859375
2023-09-05,159.32000732421875
2023-09-06,160.47000122070312
2023-09-07,160.10000610351562
2023-09-08,155.47000122070312
2023-09-11,157.66000366210938
2023-09-12,154.64999389648438
2023-09-13,155.49000549316406
2023-09-14,157.14999389648438
2023-09-15,158.5800018310547
2023-09-18,159.24000549316406
2023-09-19,160.1699981689453
2023-09-20,160.77000427246094
2023-09-21,154.05999755859375
2023-09-22,156.35000610351562
2023-09-25,155.52000427246094
2023-09-26,152.36000061035156
2023-09-27,153.75
2023-09-28,153.52999877929688
2023-09-29,154.63999938964844
2023-10-02,158.11000061035156
2023-10-03,154.50999450683594
2023-10-04,159.5800018310547
2023-10-05,157.30999755859375
2023-10-06,160.52999877929688
2023-10-09,156.4499969482422
2023-10-10,157.60000610351562
2023-10-11,156.57000732421875
2023-10-12,158.1199951171875
2023-10-13,153.55999755859375
2023-10-16,158.1199951171875
2023-10-17,157.3300018310547
2023-10-18,148.9199981689453
2023-10-19,149.97000122070312
2023-10-20,149.9199981689453
2023-10-23,154.61000061035156
2023-10-24,170.6300048828125
2023-10-25,161.82000732421875
2023-10-26,158.3800048828125
2023-10-27,159.35000610351562
2023-10-30,162.6699981689453
2023-10-31,164.75999450683594
2023-11-01,167.6300048828125
2023-11-02,167.30999755859375
2023-11-03,169.97999572753906
2023-11-06,167.24000549316406
2023-11-07,165.5
2023-11-08,169.97000122070312
2023-11-09,170.27999877929688
2023-11-10,170.97999572753906
2023-11-13,171.1699981689453
2023-11-14,174.41000366210938
2023-11-15,173.75999450683594
2023-11-16,175.27999877929688
2023-11-17,176.0500030517578
2023-11-20,179.86000061035156
2023-11-21,178.67999267578125
2023-11-22,181.1999969482422
2023-11-24,181.6999969482422
2023-11-27,183.0399932861328
2023-11-28,182.61000061035156
2023-11-29,182.30999755859375
2023-11-30,185.11000061035156
2023-12-01,180.69000244140625
2023-12-04,194.1699981689453
2023-12-05,199.32000732421875
2023-12-06,193.7899932861328
2023-12-07,195.82000732421875
2023-12-08,198.0500030517578
2023-12-11,197.75999450683594
2023-12-12,199.0
2023-12-13,199.49000549316406
2023-12-14,196.14999389648438
2023-12-15,192.1699981689453
2023-12-18,193.0399932861328
2023-12-19,190.8300018310547
2023-12-20,188.7100067138672
2023-12-21,192.85000610351562
2023-12-22,189.58999633789062
2023-12-26,189.8800048828125
2023-12-27,190.27000427246094
2023-12-28,188.75
2023-12-29,187.91000366210938
2024-01-02,188.8000030517578
2024-01-03,187.94000244140625
2024-01-04,192.5800018310547
2024-01-05,193.52000427246094
2024-01-08,197.25
2024-01-09,193.02000427246094
2024-01-10,196.7899932861328
2024-01-11,200.82000732421875
2024-01-12,203.02999877929688
2024-01-16,203.35000610351562
2024-01-17,198.67999267578125
2024-01-18,204.82000732421875
2024-01-19,204.7100067138672
2024-01-22,205.6699981689453
2024-01-23,206.7100067138672
2024-01-24,211.13999938964844
2024-01-25,214.17999267578125
2024-01-26,214.2899932861328
2024-01-29,218.61000061035156
2024-01-30,217.6199951171875
2024-01-31,215.35000610351562
2024-02-01,218.9600067138672
2024-02-02,222.47000122070312
2024-02-05,223.25
2024-02-06,231.9199981689453
2024-02-07,240.8300018310547
2024-02-08,240.00999450683594
2024-02-09,240.77000427246094
2024-02-12,234.67999267578125
2024-02-13,238.0
2024-02-14,244.1699981689453
2024-02-15,245.50999450683594
2024-02-16,246.25
2024-02-20,243.39999389648438
2024-02-21,245.08999633789062
2024-02-22,248.1199951171875
2024-02-23,256.1000061035156
2024-02-26,254.99000549316406
2024-02-27,253.02000427246094
2024-02-28,252.25
2024-02-29,256.4100036621094
2024-03-01,263.75
2024-03-04,270.0
2024-03-05,267.0
2024-03-06,268.0299987792969
2024-03-07,270.3500061035156
2024-03-08,259.3999938964844
2024-03-11,254.4499969482422
2024-03-12,258.0899963378906
2024-03-13,257.260009765625
2024-03-14,257.1300048828125
2024-03-15,254.88999938964844
2024-03-18,254.14999389648438
2024-03-19,252.75999450683594
2024-03-20,261.7200012207031
2024-03-21,259.6400146484375
2024-03-22,264.95001220703125
2024-03-25,261.9200134277344
2024-03-26,262.80999755859375
2024-03-27,260.20001220703125
2024-03-28,263.8999938964844
2024-04-01,266.42999267578125
2024-04-02,269.5799865722656
2024-04-03,291.7699890136719
2024-04-04,295.9599914550781
2024-04-05,310.30999755859375
2024-04-08,309.07000732421875
2024-04-09,300.7300109863281
2024-04-10,299.989990234375
2024-04-11,303.57000732421875
2024-04-12,300.45001220703125
2024-04-15,290.5199890136719
2024-04-16,298.0799865722656
2024-04-17,293.5799865722656
2024-04-18,289.20001220703125
2024-04-19,275.8299865722656
2024-04-22,272.239990234375
2024-04-23,303.30999755859375
2024-04-24,281.2300109863281
2024-04-25,289.0199890136719
2024-04-26,289.5899963378906
2024-04-29,286.239990234375
2024-04-30,280.44000244140625
2024-05-01,284.5400085449219
2024-05-02,294.1700134277344
2024-05-03,296.07000732421875
2024-05-06,299.4800109863281
2024-05-07,298.04998779296875
2024-05-08,298.6499938964844
2024-05-09,298.6600036621094
2024-05-10,294.6000061035156
2024-05-13,289.7099914550781
2024-05-14,290.1199951171875
2024-05-15,303.0400085449219
2024-05-16,298.1199951171875
2024-05-17,302.82000732421875
2024-05-20,308.2099914550781
2024-05-21,304.92999267578125
2024-05-22,298.760009765625
2024-05-23,300.510009765625
2024-05-24,308.1600036621094
2024-05-28,310.2900085449219
2024-05-29,307.5199890136719
2024-05-30,304.69000244140625
2024-05-31,296.7799987792969
2024-06-03,313.6199951171875
2024-06-04,326.67999267578125
2024-06-05,324.75
2024-06-06,319.510009765625
2024-06-07,308.2099914550781
2024-06-10,309.0
2024-06-11,310.0
2024-06-12,315.489990234375
2024-06-13,306.010009765625
2024-06-14,313.0199890136719
2024-06-17,311.2200012207031
2024-06-18,309.8999938964844
2024-06-20,313.8900146484375
2024-06-21,317.739990234375
2024-06-24,314.989990234375
2024-06-25,321.2799987792969
2024-06-26,318.9599914550781
2024-06-27,315.3800048828125
2024-06-28,313.7900085449219
2024-07-01,313.8399963378906
2024-07-02,315.54998779296875
2024-07-03,314.79998779296875
2024-07-05,316.8500061035156
2024-07-08,313.7099914550781
2024-07-09,311.54998779296875
2024-07-10,304.989990234375
2024-07-11,300.9800109863281
2024-07-12,302.2699890136719
2024-07-15,302.1499938964844
2024-07-16,298.5
2024-07-17,294.739990234375
2024-07-18,290.1600036621094
2024-07-19,295.0899963378906
2024-07-22,295.45001220703125
2024-07-23,330.7900085449219
2024-07-24,336.5199890136719
2024-07-25,328.95001220703125
2024-07-26,321.8800048828125
2024-07-29,323.739990234375
2024-07-30,330.3500061035156
2024-07-31,343.94000244140625
2024-08-01,336.5
2024-08-02,330.8500061035156
2024-08-05,324.0299987792969
2024-08-06,327.29998779296875
2024-08-07,323.3399963378906
2024-08-08,338.32000732421875
2024-08-09,339.8999938964844
2024-08-12,340.3599853515625
2024-08-13,334.739990234375
2024-08-14,334.3500061035156
2024-08-15,335.5899963378906
2024-08-16,337.3800048828125
2024-08-19,344.69000244140625
2024-08-20,346.2799987792969
2024-08-21,343.69000244140625
2024-08-22,342.20001220703125
2024-08-23,342.489990234375
2024-08-26,336.07000732421875
2024-08-27,339.4700012207031
2024-08-28,337.55999755859375
2024-08-29,340.7300109863281
2024-08-30,342.8800048828125
2024-09-03,328.6000061035156
2024-09-04,329.25
2024-09-05,328.6300048828125
2024-09-06,322.7699890136719
2024-09-09,324.07000732421875
2024-09-10,327.0
2024-09-11,336.6600036621094
2024-09-12,337.510009765625
2024-09-13,337.8999938964844
2024-09-16,338.8299865722656
2024-09-17,342.1499938964844
2024-09-18,343.9700012207031
2024-09-19,360.2200012207031
2024-09-20,365.1700134277344
2024-09-23,369.010009765625
2024-09-24,380.3599853515625
2024-09-25,383.9599914550781
2024-09-26,379.1600036621094
2024-09-27,369.20001220703125
2024-09-30,368.5299987792969
2024-10-01,375.3999938964844
2024-10-02,374.75
2024-10-03,372.6000061035156
2024-10-04,371.45001220703125
2024-10-07,362.95001220703125
2024-10-08,370.3800048828125
2024-10-09,373.9800109863281
2024-10-10,378.0
2024-10-11,373.70001220703125
2024-10-14,372.5
2024-10-15,372.6000061035156
2024-10-16,371.69000244140625
2024-10-17,366.75
2024-10-18,378.8800048828125
2024-10-21,381.9700012207031
2024-10-22,387.6300048828125
2024-10-23,379.8399963378906
2024-10-24,376.8699951171875
2024-10-25,379.1600036621094
2024-10-28,384.3599853515625
2024-10-29,391.2300109863281
2024-10-30,394.0199890136719
2024-10-31,385.1000061035156
2024-11-01,384.5
2024-11-04,377.7300109863281
2024-11-05,382.6300048828125
2024-11-06,391.1600036621094
2024-11-07,399.8399963378906
2024-11-08,400.67999267578125
2024-11-11,410.19000244140625
2024-11-12,419.3900146484375
2024-11-13,467.3699951171875
2024-11-14,477.5
2024-11-15,458.32000732421875
2024-11-18,454.3599853515625
2024-11-19,463.8299865722656
2024-11-20,470.010009765625
2024-11-21,470.70001220703125
2024-11-22,475.0400085449219
2024-11-25,481.3800048828125
2024-11-26,476.6099853515625
2024-11-27,475.239990234375
2024-11-29,476.9599914550781
2024-12-02,480.2699890136719
2024-12-03,493.32000732421875
2024-12-04,502.3800048828125
2024-12-05,493.510009765625
2024-12-06,498.6300048828125
2024-12-09,482.5199890136719
2024-12-10,471.5799865722656
2024-12-11,476.9100036621094
2024-12-12,480.1099853515625
2024-12-13,483.30999755859375
